[
  {
    "fn": 3,
    "kind": 0,
    "name": "unity_gain_bandwidth",
    "expr": "ubw",
    "chart": null,
    "label": "unity_gain_bandwidth",
    "target": [
      1000000000,
      5000000000
    ]
  },
  {
    "fn": 3,
    "kind": 0,
    "name": "phase_margin",
    "expr": "pm",
    "chart": null,
    "label": "phase_margin",
    "target": [
      45,
      80
    ]
  },
  {
    "fn": 3,
    "kind": 0,
    "name": "gain_margin",
    "expr": "gm",
    "chart": null,
    "label": "gain_margin",
    "target": [
      8,
      15
    ]
  }
]