[
  {
    "variable": "w_in",
    "active": true
  },
  {
    "variable": "w_load1",
    "active": true
  },
  {
    "variable": "w_load2",
    "active": true
  },
  {
    "variable": "w_2stage",
    "active": true
  },
  {
    "variable": "cap",
    "active": false
  },
  {
    "variable": "l_2stage",
    "active": false
  },
  {
    "variable": "l_in",
    "active": false
  },
  {
    "variable": "l_load1",
    "active": false
  },
  {
    "variable": "l_load2",
    "active": false
  },
  {
    "variable": "l_tail",
    "active": false
  },
  {
    "variable": "m_2stage",
    "active": false
  },
  {
    "variable": "w_tail",
    "active": false
  },
  {
    "variable": "m_load2",
    "active": false
  },
  {
    "variable": "m_load1",
    "active": false
  },
  {
    "variable": "m_in",
    "active": false
  }
]