[
  {
    "fn": 4,
    "kind": 1,
    "name": "vout_dc",
    "expr": "output_dc",
    "chart": {
      "x": {
        "max": 3.267,
        "min": 0,
        "extra": {
          "index": "output_dc",
          "analysis": "DC Analysis"
        },
        "label": "output_dc",
        "scale": 0,
        "location": 1
      },
      "y": {
        "max": 3.3,
        "min": 0,
        "extra": {
          "index": null,
          "analysis": null,
          "artifactId": null
        },
        "label": null,
        "scale": 0,
        "location": null
      }
    },
    "label": "vout_dc",
    "target": [
      {
        "x": 0,
        "y": 0.2331321
      },
      {
        "x": 0.033,
        "y": 0.2331837
      },
      {
        "x": 0.066,
        "y": 0.2331855
      },
      {
        "x": 0.099,
        "y": 0.233182
      },
      {
        "x": 0.132,
        "y": 0.2331852
      },
      {
        "x": 0.165,
        "y": 0.2331846
      },
      {
        "x": 0.198,
        "y": 0.2331824
      },
      {
        "x": 0.231,
        "y": 0.2331814
      },
      {
        "x": 0.264,
        "y": 0.2331813
      },
      {
        "x": 0.297,
        "y": 0.2331848
      },
      {
        "x": 0.33,
        "y": 0.2331806
      },
      {
        "x": 0.363,
        "y": 0.2331801
      },
      {
        "x": 0.396,
        "y": 0.2331764
      },
      {
        "x": 0.429,
        "y": 0.2331662
      },
      {
        "x": 0.462,
        "y": 0.233136
      },
      {
        "x": 0.495,
        "y": 0.2330712
      },
      {
        "x": 0.528,
        "y": 0.2330203
      },
      {
        "x": 0.561,
        "y": 0.2328091
      },
      {
        "x": 0.594,
        "y": 0.2323856
      },
      {
        "x": 0.627,
        "y": 0.2316026
      },
      {
        "x": 0.66,
        "y": 0.2300929
      },
      {
        "x": 0.693,
        "y": 0.2276963
      },
      {
        "x": 0.726,
        "y": 0.2242845
      },
      {
        "x": 0.759,
        "y": 0.2196098
      },
      {
        "x": 0.792,
        "y": 0.214098
      },
      {
        "x": 0.825,
        "y": 0.218829
      },
      {
        "x": 0.858,
        "y": 0.8394384
      },
      {
        "x": 0.891,
        "y": 0.8735819
      },
      {
        "x": 0.924,
        "y": 0.9077254
      },
      {
        "x": 0.957,
        "y": 0.9418689
      },
      {
        "x": 0.99,
        "y": 0.9760124
      },
      {
        "x": 1.023,
        "y": 1.010156
      },
      {
        "x": 1.056,
        "y": 1.0443
      },
      {
        "x": 1.089,
        "y": 1.078443
      },
      {
        "x": 1.122,
        "y": 1.112587
      },
      {
        "x": 1.155,
        "y": 1.14673
      },
      {
        "x": 1.188,
        "y": 1.180874
      },
      {
        "x": 1.221,
        "y": 1.215017
      },
      {
        "x": 1.254,
        "y": 1.249161
      },
      {
        "x": 1.287,
        "y": 1.283304
      },
      {
        "x": 1.32,
        "y": 1.317448
      },
      {
        "x": 1.353,
        "y": 1.351591
      },
      {
        "x": 1.386,
        "y": 1.385735
      },
      {
        "x": 1.419,
        "y": 1.419878
      },
      {
        "x": 1.452,
        "y": 1.454022
      },
      {
        "x": 1.485,
        "y": 1.488165
      },
      {
        "x": 1.518,
        "y": 1.522309
      },
      {
        "x": 1.551,
        "y": 1.556452
      },
      {
        "x": 1.584,
        "y": 1.590596
      },
      {
        "x": 1.617,
        "y": 1.624739
      },
      {
        "x": 1.65,
        "y": 1.658883
      },
      {
        "x": 1.683,
        "y": 1.693026
      },
      {
        "x": 1.716,
        "y": 1.72717
      },
      {
        "x": 1.749,
        "y": 1.761313
      },
      {
        "x": 1.782,
        "y": 1.795457
      },
      {
        "x": 1.815,
        "y": 1.8296
      },
      {
        "x": 1.848,
        "y": 1.863744
      },
      {
        "x": 1.881,
        "y": 1.897887
      },
      {
        "x": 1.914,
        "y": 1.932031
      },
      {
        "x": 1.947,
        "y": 1.966174
      },
      {
        "x": 1.98,
        "y": 2.000318
      },
      {
        "x": 2.013,
        "y": 2.634096
      },
      {
        "x": 2.046,
        "y": 2.755178
      },
      {
        "x": 2.079,
        "y": 2.770315
      },
      {
        "x": 2.112,
        "y": 2.777219
      },
      {
        "x": 2.145,
        "y": 2.781532
      },
      {
        "x": 2.178,
        "y": 2.784518
      },
      {
        "x": 2.211,
        "y": 2.786708
      },
      {
        "x": 2.244,
        "y": 2.788382
      },
      {
        "x": 2.277,
        "y": 2.789709
      },
      {
        "x": 2.31,
        "y": 2.790786
      },
      {
        "x": 2.343,
        "y": 2.791673
      },
      {
        "x": 2.376,
        "y": 2.792421
      },
      {
        "x": 2.409,
        "y": 2.793058
      },
      {
        "x": 2.442,
        "y": 2.793608
      },
      {
        "x": 2.475,
        "y": 2.794086
      },
      {
        "x": 2.508,
        "y": 2.794507
      },
      {
        "x": 2.541,
        "y": 2.794879
      },
      {
        "x": 2.574,
        "y": 2.795211
      },
      {
        "x": 2.607,
        "y": 2.795509
      },
      {
        "x": 2.64,
        "y": 2.795778
      },
      {
        "x": 2.673,
        "y": 2.796021
      },
      {
        "x": 2.706,
        "y": 2.796243
      },
      {
        "x": 2.739,
        "y": 2.796446
      },
      {
        "x": 2.772,
        "y": 2.796631
      },
      {
        "x": 2.805,
        "y": 2.796802
      },
      {
        "x": 2.838,
        "y": 2.79696
      },
      {
        "x": 2.871,
        "y": 2.797106
      },
      {
        "x": 2.904,
        "y": 2.797242
      },
      {
        "x": 2.937,
        "y": 2.797368
      },
      {
        "x": 2.97,
        "y": 2.797486
      },
      {
        "x": 3.003,
        "y": 2.797596
      },
      {
        "x": 3.036,
        "y": 2.797699
      },
      {
        "x": 3.069,
        "y": 2.797795
      },
      {
        "x": 3.102,
        "y": 2.797886
      },
      {
        "x": 3.135,
        "y": 2.797972
      }
    ]
  }
]