[
  {
    "fn": 4,
    "kind": 1,
    "name": "Vout",
    "expr": "v_out",
    "chart": {
      "x": {
        "max": 0.000005,
        "min": 0,
        "extra": {
          "index": "v_out",
          "analysis": "Transient Analysis"
        },
        "label": "v_out",
        "scale": 0,
        "location": 1
      },
      "y": {
        "max": 1.66,
        "min": 1.64,
        "extra": {
          "index": null,
          "analysis": null,
          "artifactId": null
        },
        "label": null,
        "scale": 0,
        "location": null
      }
    },
    "label": "",
    "target": [
      {
        "x": 0,
        "y": 1.65
      },
      {
        "x": 5.050505051e-8,
        "y": 1.648907883
      },
      {
        "x": 1.01010101e-7,
        "y": 1.647924822
      },
      {
        "x": 1.515151515e-7,
        "y": 1.647148984
      },
      {
        "x": 2.02020202e-7,
        "y": 1.646657842
      },
      {
        "x": 2.525252525e-7,
        "y": 1.646500441
      },
      {
        "x": 3.03030303e-7,
        "y": 1.646692497
      },
      {
        "x": 3.535353535e-7,
        "y": 1.647214834
      },
      {
        "x": 4.04040404e-7,
        "y": 1.64801529
      },
      {
        "x": 4.545454545e-7,
        "y": 1.649013936
      },
      {
        "x": 5.050505051e-7,
        "y": 1.650111048
      },
      {
        "x": 5.555555556e-7,
        "y": 1.651197071
      },
      {
        "x": 6.060606061e-7,
        "y": 1.652163556
      },
      {
        "x": 6.565656566e-7,
        "y": 1.652913994
      },
      {
        "x": 7.070707071e-7,
        "y": 1.653373448
      },
      {
        "x": 7.575757576e-7,
        "y": 1.653496036
      },
      {
        "x": 8.080808081e-7,
        "y": 1.653269518
      },
      {
        "x": 8.585858586e-7,
        "y": 1.652716513
      },
      {
        "x": 9.090909091e-7,
        "y": 1.651892243
      },
      {
        "x": 9.595959596e-7,
        "y": 1.650879018
      },
      {
        "x": 0.00000101010101,
        "y": 1.649778016
      },
      {
        "x": 0.000001060606061,
        "y": 1.648699181
      },
      {
        "x": 0.000001111111111,
        "y": 1.647750243
      },
      {
        "x": 0.000001161616162,
        "y": 1.647025961
      },
      {
        "x": 0.000001212121212,
        "y": 1.64659866
      },
      {
        "x": 0.000001262626263,
        "y": 1.646511008
      },
      {
        "x": 0.000001313131313,
        "y": 1.64677176
      },
      {
        "x": 0.000001363636364,
        "y": 1.647354876
      },
      {
        "x": 0.000001414141414,
        "y": 1.648202129
      },
      {
        "x": 0.000001464646465,
        "y": 1.649228913
      },
      {
        "x": 0.000001515151515,
        "y": 1.650332696
      },
      {
        "x": 0.000001565656566,
        "y": 1.651403257
      },
      {
        "x": 0.000001616161616,
        "y": 1.652333692
      },
      {
        "x": 0.000001666666667,
        "y": 1.653031089
      },
      {
        "x": 0.000001717171717,
        "y": 1.653425809
      },
      {
        "x": 0.000001767676768,
        "y": 1.653478435
      },
      {
        "x": 0.000001818181818,
        "y": 1.653183712
      },
      {
        "x": 0.000001868686869,
        "y": 1.652571071
      },
      {
        "x": 0.000001919191919,
        "y": 1.651701689
      },
      {
        "x": 0.00000196969697,
        "y": 1.650662379
      },
      {
        "x": 0.00000202020202,
        "y": 1.649556926
      },
      {
        "x": 0.000002070707071,
        "y": 1.648495718
      },
      {
        "x": 0.000002121212121,
        "y": 1.647584723
      },
      {
        "x": 0.000002171717172,
        "y": 1.646914913
      },
      {
        "x": 0.000002222222222,
        "y": 1.646553173
      },
      {
        "x": 0.000002272727273,
        "y": 1.646535625
      },
      {
        "x": 0.000002323232323,
        "y": 1.646864022
      },
      {
        "x": 0.000002373737374,
        "y": 1.64750557
      },
      {
        "x": 0.000002424242424,
        "y": 1.648396207
      },
      {
        "x": 0.000002474747475,
        "y": 1.649446995
      },
      {
        "x": 0.000002525252525,
        "y": 1.650553005
      },
      {
        "x": 0.000002575757576,
        "y": 1.651603793
      },
      {
        "x": 0.000002626262626,
        "y": 1.65249443
      },
      {
        "x": 0.000002676767677,
        "y": 1.653135978
      },
      {
        "x": 0.000002727272727,
        "y": 1.653464375
      },
      {
        "x": 0.000002777777778,
        "y": 1.653446827
      },
      {
        "x": 0.000002828282828,
        "y": 1.653085087
      },
      {
        "x": 0.000002878787879,
        "y": 1.652415277
      },
      {
        "x": 0.000002929292929,
        "y": 1.651504282
      },
      {
        "x": 0.00000297979798,
        "y": 1.650443074
      },
      {
        "x": 0.00000303030303,
        "y": 1.649337621
      },
      {
        "x": 0.000003080808081,
        "y": 1.648298311
      },
      {
        "x": 0.000003131313131,
        "y": 1.647428929
      },
      {
        "x": 0.000003181818182,
        "y": 1.646816288
      },
      {
        "x": 0.000003232323232,
        "y": 1.646521565
      },
      {
        "x": 0.000003282828283,
        "y": 1.646574191
      },
      {
        "x": 0.000003333333333,
        "y": 1.646968911
      },
      {
        "x": 0.000003383838384,
        "y": 1.647666308
      },
      {
        "x": 0.000003434343434,
        "y": 1.648596743
      },
      {
        "x": 0.000003484848485,
        "y": 1.649667304
      },
      {
        "x": 0.000003535353535,
        "y": 1.650771087
      },
      {
        "x": 0.000003585858586,
        "y": 1.651797871
      },
      {
        "x": 0.000003636363636,
        "y": 1.652645124
      },
      {
        "x": 0.000003686868687,
        "y": 1.65322824
      },
      {
        "x": 0.000003737373737,
        "y": 1.653488992
      },
      {
        "x": 0.000003787878788,
        "y": 1.65340134
      },
      {
        "x": 0.000003838383838,
        "y": 1.652974039
      },
      {
        "x": 0.000003888888889,
        "y": 1.652249757
      },
      {
        "x": 0.000003939393939,
        "y": 1.651300819
      },
      {
        "x": 0.00000398989899,
        "y": 1.650221984
      },
      {
        "x": 0.00000404040404,
        "y": 1.649120982
      },
      {
        "x": 0.000004090909091,
        "y": 1.648107757
      },
      {
        "x": 0.000004141414141,
        "y": 1.647283487
      },
      {
        "x": 0.000004191919192,
        "y": 1.646730482
      },
      {
        "x": 0.000004242424242,
        "y": 1.646503964
      },
      {
        "x": 0.000004292929293,
        "y": 1.646626552
      },
      {
        "x": 0.000004343434343,
        "y": 1.647086006
      },
      {
        "x": 0.000004393939394,
        "y": 1.647836444
      },
      {
        "x": 0.000004444444444,
        "y": 1.648802929
      },
      {
        "x": 0.000004494949495,
        "y": 1.649888952
      },
      {
        "x": 0.000004545454545,
        "y": 1.650986064
      },
      {
        "x": 0.000004595959596,
        "y": 1.65198471
      },
      {
        "x": 0.000004646464646,
        "y": 1.652785166
      },
      {
        "x": 0.000004696969697,
        "y": 1.653307503
      },
      {
        "x": 0.000004747474747,
        "y": 1.653499559
      },
      {
        "x": 0.000004797979798,
        "y": 1.653342158
      },
      {
        "x": 0.000004848484848,
        "y": 1.652851016
      },
      {
        "x": 0.000004898989899,
        "y": 1.652075178
      },
      {
        "x": 0.000004949494949,
        "y": 1.651092117
      },
      {
        "x": 0.000005,
        "y": 1.65
      }
    ]
  }
]