[
  {
    "fn": 4,
    "kind": 1,
    "name": "two_stage_output",
    "expr": "output",
    "chart": {
      "x": {
        "max": 0.000005,
        "min": 0,
        "extra": {
          "index": "output",
          "analysis": "Transient Analysis"
        },
        "label": "output",
        "scale": 0,
        "location": 1
      },
      "y": {
        "max": 1.5015,
        "min": 1.4985,
        "extra": {
          "index": null,
          "analysis": null,
          "artifactId": null
        },
        "label": null,
        "scale": 0,
        "location": null
      }
    },
    "label": "two_stage_output",
    "target": [
      {
        "x": 0,
        "y": 1.5
      },
      {
        "x": 5.050505051e-8,
        "y": 1.500312
      },
      {
        "x": 1.01010101e-7,
        "y": 1.500593
      },
      {
        "x": 1.515151515e-7,
        "y": 1.500815
      },
      {
        "x": 2.02020202e-7,
        "y": 1.500955
      },
      {
        "x": 2.525252525e-7,
        "y": 1.501
      },
      {
        "x": 3.03030303e-7,
        "y": 1.500945
      },
      {
        "x": 3.535353535e-7,
        "y": 1.500796
      },
      {
        "x": 4.04040404e-7,
        "y": 1.500567
      },
      {
        "x": 4.545454545e-7,
        "y": 1.500282
      },
      {
        "x": 5.050505051e-7,
        "y": 1.499968
      },
      {
        "x": 5.555555556e-7,
        "y": 1.499658
      },
      {
        "x": 6.060606061e-7,
        "y": 1.499382
      },
      {
        "x": 6.565656566e-7,
        "y": 1.499167
      },
      {
        "x": 7.070707071e-7,
        "y": 1.499036
      },
      {
        "x": 7.575757576e-7,
        "y": 1.499001
      },
      {
        "x": 8.080808081e-7,
        "y": 1.499066
      },
      {
        "x": 8.585858586e-7,
        "y": 1.499224
      },
      {
        "x": 9.090909091e-7,
        "y": 1.499459
      },
      {
        "x": 9.595959596e-7,
        "y": 1.499749
      },
      {
        "x": 0.00000101010101,
        "y": 1.500063
      },
      {
        "x": 0.000001060606061,
        "y": 1.500372
      },
      {
        "x": 0.000001111111111,
        "y": 1.500643
      },
      {
        "x": 0.000001161616162,
        "y": 1.50085
      },
      {
        "x": 0.000001212121212,
        "y": 1.500972
      },
      {
        "x": 0.000001262626263,
        "y": 1.500997
      },
      {
        "x": 0.000001313131313,
        "y": 1.500922
      },
      {
        "x": 0.000001363636364,
        "y": 1.500756
      },
      {
        "x": 0.000001414141414,
        "y": 1.500514
      },
      {
        "x": 0.000001464646465,
        "y": 1.50022
      },
      {
        "x": 0.000001515151515,
        "y": 1.499905
      },
      {
        "x": 0.000001565656566,
        "y": 1.499599
      },
      {
        "x": 0.000001616161616,
        "y": 1.499333
      },
      {
        "x": 0.000001666666667,
        "y": 1.499134
      },
      {
        "x": 0.000001717171717,
        "y": 1.499021
      },
      {
        "x": 0.000001767676768,
        "y": 1.499006
      },
      {
        "x": 0.000001818181818,
        "y": 1.49909
      },
      {
        "x": 0.000001868686869,
        "y": 1.499265
      },
      {
        "x": 0.000001919191919,
        "y": 1.499514
      },
      {
        "x": 0.00000196969697,
        "y": 1.499811
      },
      {
        "x": 0.00000202020202,
        "y": 1.500127
      },
      {
        "x": 0.000002070707071,
        "y": 1.50043
      },
      {
        "x": 0.000002121212121,
        "y": 1.50069
      },
      {
        "x": 0.000002171717172,
        "y": 1.500881
      },
      {
        "x": 0.000002222222222,
        "y": 1.500985
      },
      {
        "x": 0.000002272727273,
        "y": 1.50099
      },
      {
        "x": 0.000002323232323,
        "y": 1.500896
      },
      {
        "x": 0.000002373737374,
        "y": 1.500713
      },
      {
        "x": 0.000002424242424,
        "y": 1.500458
      },
      {
        "x": 0.000002474747475,
        "y": 1.500158
      },
      {
        "x": 0.000002525252525,
        "y": 1.499842
      },
      {
        "x": 0.000002575757576,
        "y": 1.499542
      },
      {
        "x": 0.000002626262626,
        "y": 1.499287
      },
      {
        "x": 0.000002676767677,
        "y": 1.499104
      },
      {
        "x": 0.000002727272727,
        "y": 1.49901
      },
      {
        "x": 0.000002777777778,
        "y": 1.499015
      },
      {
        "x": 0.000002828282828,
        "y": 1.499119
      },
      {
        "x": 0.000002878787879,
        "y": 1.49931
      },
      {
        "x": 0.000002929292929,
        "y": 1.49957
      },
      {
        "x": 0.00000297979798,
        "y": 1.499873
      },
      {
        "x": 0.00000303030303,
        "y": 1.500189
      },
      {
        "x": 0.000003080808081,
        "y": 1.500486
      },
      {
        "x": 0.000003131313131,
        "y": 1.500735
      },
      {
        "x": 0.000003181818182,
        "y": 1.50091
      },
      {
        "x": 0.000003232323232,
        "y": 1.500994
      },
      {
        "x": 0.000003282828283,
        "y": 1.500979
      },
      {
        "x": 0.000003333333333,
        "y": 1.500866
      },
      {
        "x": 0.000003383838384,
        "y": 1.500667
      },
      {
        "x": 0.000003434343434,
        "y": 1.500401
      },
      {
        "x": 0.000003484848485,
        "y": 1.500095
      },
      {
        "x": 0.000003535353535,
        "y": 1.49978
      },
      {
        "x": 0.000003585858586,
        "y": 1.499486
      },
      {
        "x": 0.000003636363636,
        "y": 1.499244
      },
      {
        "x": 0.000003686868687,
        "y": 1.499078
      },
      {
        "x": 0.000003737373737,
        "y": 1.499003
      },
      {
        "x": 0.000003787878788,
        "y": 1.499028
      },
      {
        "x": 0.000003838383838,
        "y": 1.49915
      },
      {
        "x": 0.000003888888889,
        "y": 1.499357
      },
      {
        "x": 0.000003939393939,
        "y": 1.499628
      },
      {
        "x": 0.00000398989899,
        "y": 1.499937
      },
      {
        "x": 0.00000404040404,
        "y": 1.500251
      },
      {
        "x": 0.000004090909091,
        "y": 1.500541
      },
      {
        "x": 0.000004141414141,
        "y": 1.500776
      },
      {
        "x": 0.000004191919192,
        "y": 1.500934
      },
      {
        "x": 0.000004242424242,
        "y": 1.500999
      },
      {
        "x": 0.000004292929293,
        "y": 1.500964
      },
      {
        "x": 0.000004343434343,
        "y": 1.500833
      },
      {
        "x": 0.000004393939394,
        "y": 1.500618
      },
      {
        "x": 0.000004444444444,
        "y": 1.500342
      },
      {
        "x": 0.000004494949495,
        "y": 1.500032
      },
      {
        "x": 0.000004545454545,
        "y": 1.499718
      },
      {
        "x": 0.000004595959596,
        "y": 1.499433
      },
      {
        "x": 0.000004646464646,
        "y": 1.499204
      },
      {
        "x": 0.000004696969697,
        "y": 1.499055
      },
      {
        "x": 0.000004747474747,
        "y": 1.499
      },
      {
        "x": 0.000004797979798,
        "y": 1.499045
      },
      {
        "x": 0.000004848484848,
        "y": 1.499185
      },
      {
        "x": 0.000004898989899,
        "y": 1.499407
      },
      {
        "x": 0.000004949494949,
        "y": 1.499688
      },
      {
        "x": 0.000005,
        "y": 1.5
      }
    ]
  }
]