[
  {
    "variable": "Op_Amp_symbol:wp_2",
    "active": true
  },
  {
    "variable": "Op_Amp_symbol:wp_1",
    "active": true
  },
  {
    "variable": "Op_Amp_symbol:lp_2",
    "active": false
  },
  {
    "variable": "rd",
    "active": false
  },
  {
    "variable": "Op_Amp_symbol:w_tail",
    "active": false
  },
  {
    "variable": "w",
    "active": true
  },
  {
    "variable": "l",
    "active": false
  },
  {
    "variable": "Op_Amp_symbol:ln_1",
    "active": false
  },
  {
    "variable": "Op_Amp_symbol:ln_2",
    "active": false
  },
  {
    "variable": "Op_Amp_symbol:Iss",
    "active": false
  },
  {
    "variable": "Op_Amp_symbol:lp_1",
    "active": false
  },
  {
    "variable": "Op_Amp_symbol:wn_1",
    "active": true
  },
  {
    "variable": "m",
    "active": true
  },
  {
    "variable": "Op_Amp_symbol:wn_2",
    "active": true
  },
  {
    "variable": "Op_Amp_symbol:l_tail",
    "active": false
  }
]