[
  {
    "fn": 4,
    "kind": 1,
    "name": "Expression_1",
    "expr": "freq_response",
    "chart": {
      "x": {
        "max": 1000000000000,
        "min": 1,
        "extra": {
          "index": "freq_response",
          "analysis": "AC Analysis"
        },
        "label": "freq_response",
        "scale": 1,
        "location": 1
      },
      "y": {
        "max": 50,
        "min": -33,
        "extra": {
          "index": null,
          "analysis": null,
          "artifactId": null
        },
        "label": null,
        "scale": 0,
        "location": null
      }
    },
    "label": "",
    "target": [
      {
        "x": 1,
        "y": 10.2083131
      },
      {
        "x": 10,
        "y": 10.2083131
      },
      {
        "x": 100,
        "y": 10.2083131
      },
      {
        "x": 1000,
        "y": 10.2083131
      },
      {
        "x": 10000,
        "y": 10.2083131
      },
      {
        "x": 100000,
        "y": 10.20829585
      },
      {
        "x": 1000000,
        "y": 10.206572
      },
      {
        "x": 10000000,
        "y": 10.03717125
      },
      {
        "x": 100000000,
        "y": 2.71110365
      },
      {
        "x": 1000000000,
        "y": -14.0501345
      },
      {
        "x": 10000000000,
        "y": -29.1444345
      },
      {
        "x": 100000000000,
        "y": -32.421805
      },
      {
        "x": 1000000000000,
        "y": -32.4773355
      }
    ]
  }
]