[
  {
    "fn": 3,
    "kind": 0,
    "name": "unity_gain_bandwidth",
    "expr": "ubw",
    "chart": null,
    "label": "unity_gain_bandwidth",
    "target": [
      40,
      60
    ]
  },
  {
    "fn": 3,
    "kind": 0,
    "name": "phase_margin",
    "expr": "pm",
    "chart": null,
    "label": "Phase_Margin",
    "target": [
      45,
      75
    ]
  },
  {
    "fn": 3,
    "kind": 0,
    "name": "gain_margin",
    "expr": "gm",
    "chart": null,
    "label": "Gain_Margin",
    "target": [
      8,
      18
    ]
  }
]