[
  {
    "fn": 4,
    "kind": 1,
    "name": "current",
    "expr": "switching_current",
    "chart": {
      "x": {
        "max": 0.000005,
        "min": 0,
        "extra": {
          "index": "switching_current",
          "analysis": "Transient Analysis"
        },
        "label": "switching_current",
        "scale": 0,
        "location": 1
      },
      "y": {
        "max": 0.002,
        "min": 0.0009,
        "extra": {
          "index": null,
          "analysis": null,
          "artifactId": null
        },
        "label": null,
        "scale": 0,
        "location": null
      }
    },
    "label": "current",
    "target": [
      {
        "x": 0,
        "y": 0.0009831267
      },
      {
        "x": 5e-8,
        "y": 0.001962236
      },
      {
        "x": 1e-7,
        "y": 0.001962236
      },
      {
        "x": 1.5e-7,
        "y": 0.001962236
      },
      {
        "x": 2e-7,
        "y": 0.001962236
      },
      {
        "x": 2.5e-7,
        "y": 0.001962236
      },
      {
        "x": 3e-7,
        "y": 0.001962236
      },
      {
        "x": 3.5e-7,
        "y": 0.001962236
      },
      {
        "x": 4e-7,
        "y": 0.001962236
      },
      {
        "x": 4.5e-7,
        "y": 0.001962236
      },
      {
        "x": 5e-7,
        "y": 0.0009831267
      },
      {
        "x": 5.5e-7,
        "y": 0.0009831267
      },
      {
        "x": 6e-7,
        "y": 0.0009831267
      },
      {
        "x": 6.5e-7,
        "y": 0.0009831267
      },
      {
        "x": 7e-7,
        "y": 0.0009831267
      },
      {
        "x": 7.5e-7,
        "y": 0.0009831267
      },
      {
        "x": 8e-7,
        "y": 0.000983
      },
      {
        "x": 8.5e-7,
        "y": 0.000983
      },
      {
        "x": 9e-7,
        "y": 0.0009831267
      },
      {
        "x": 9.5e-7,
        "y": 0.0009831267
      },
      {
        "x": 0.000001,
        "y": 0.001962
      },
      {
        "x": 0.00000105,
        "y": 0.001962
      },
      {
        "x": 0.0000011,
        "y": 0.001962
      },
      {
        "x": 0.00000115,
        "y": 0.001962
      },
      {
        "x": 0.0000012,
        "y": 0.001962
      },
      {
        "x": 0.00000125,
        "y": 0.001962
      },
      {
        "x": 0.0000013,
        "y": 0.001962
      },
      {
        "x": 0.00000135,
        "y": 0.001962
      },
      {
        "x": 0.0000014,
        "y": 0.001962
      },
      {
        "x": 0.00000145,
        "y": 0.001962
      },
      {
        "x": 0.0000015,
        "y": 0.001962
      },
      {
        "x": 0.00000155,
        "y": 0.000983
      },
      {
        "x": 0.0000016,
        "y": 0.000983
      },
      {
        "x": 0.00000165,
        "y": 0.000983
      },
      {
        "x": 0.0000017,
        "y": 0.000983
      },
      {
        "x": 0.00000175,
        "y": 0.000983
      },
      {
        "x": 0.0000018,
        "y": 0.000983
      },
      {
        "x": 0.00000185,
        "y": 0.000983
      },
      {
        "x": 0.0000019,
        "y": 0.000983
      },
      {
        "x": 0.00000195,
        "y": 0.000983
      },
      {
        "x": 0.000002,
        "y": 0.001962
      },
      {
        "x": 0.00000205,
        "y": 0.001962
      },
      {
        "x": 0.0000021,
        "y": 0.001962
      },
      {
        "x": 0.00000215,
        "y": 0.001962
      },
      {
        "x": 0.0000022,
        "y": 0.001962
      },
      {
        "x": 0.00000225,
        "y": 0.001962
      },
      {
        "x": 0.0000023,
        "y": 0.001962
      },
      {
        "x": 0.00000235,
        "y": 0.001962
      },
      {
        "x": 0.0000024,
        "y": 0.001962
      },
      {
        "x": 0.00000245,
        "y": 0.001962
      },
      {
        "x": 0.0000025,
        "y": 0.000983
      },
      {
        "x": 0.00000255,
        "y": 0.000983
      },
      {
        "x": 0.0000026,
        "y": 0.000983
      },
      {
        "x": 0.00000265,
        "y": 0.000983
      },
      {
        "x": 0.0000027,
        "y": 0.000983
      },
      {
        "x": 0.00000275,
        "y": 0.000983
      },
      {
        "x": 0.0000028,
        "y": 0.000983
      },
      {
        "x": 0.00000285,
        "y": 0.000983
      },
      {
        "x": 0.0000029,
        "y": 0.000983
      },
      {
        "x": 0.00000295,
        "y": 0.000983
      },
      {
        "x": 0.000003,
        "y": 0.001962
      },
      {
        "x": 0.00000305,
        "y": 0.001962
      },
      {
        "x": 0.0000031,
        "y": 0.001962
      },
      {
        "x": 0.00000315,
        "y": 0.001962
      },
      {
        "x": 0.0000032,
        "y": 0.001962
      },
      {
        "x": 0.00000325,
        "y": 0.001962
      },
      {
        "x": 0.0000033,
        "y": 0.001962
      },
      {
        "x": 0.00000335,
        "y": 0.001962
      },
      {
        "x": 0.0000034,
        "y": 0.001962
      },
      {
        "x": 0.00000345,
        "y": 0.001962
      },
      {
        "x": 0.0000035,
        "y": 0.000983
      },
      {
        "x": 0.00000355,
        "y": 0.000983
      },
      {
        "x": 0.0000036,
        "y": 0.000983
      },
      {
        "x": 0.00000365,
        "y": 0.000983
      },
      {
        "x": 0.0000037,
        "y": 0.000983
      },
      {
        "x": 0.00000375,
        "y": 0.000983
      },
      {
        "x": 0.0000038,
        "y": 0.000983
      },
      {
        "x": 0.00000385,
        "y": 0.000983
      },
      {
        "x": 0.0000039,
        "y": 0.000983
      },
      {
        "x": 0.00000395,
        "y": 0.000983
      },
      {
        "x": 0.000004,
        "y": 0.001962
      },
      {
        "x": 0.00000405,
        "y": 0.001962
      },
      {
        "x": 0.0000041,
        "y": 0.001962
      },
      {
        "x": 0.00000415,
        "y": 0.001962
      },
      {
        "x": 0.0000042,
        "y": 0.001962
      },
      {
        "x": 0.00000425,
        "y": 0.001962
      },
      {
        "x": 0.0000043,
        "y": 0.001962
      },
      {
        "x": 0.00000435,
        "y": 0.001962
      },
      {
        "x": 0.0000044,
        "y": 0.001962
      },
      {
        "x": 0.00000445,
        "y": 0.001962
      },
      {
        "x": 0.0000045,
        "y": 0.000983
      },
      {
        "x": 0.00000455,
        "y": 0.000983
      },
      {
        "x": 0.0000046,
        "y": 0.000983
      },
      {
        "x": 0.00000465,
        "y": 0.000983
      },
      {
        "x": 0.0000047,
        "y": 0.000983
      },
      {
        "x": 0.00000475,
        "y": 0.000983
      },
      {
        "x": 0.0000048,
        "y": 0.000983
      },
      {
        "x": 0.00000485,
        "y": 0.000983
      },
      {
        "x": 0.0000049,
        "y": 0.000983
      },
      {
        "x": 0.00000495,
        "y": 0.000983
      }
    ]
  }
]