[
  {
    "fn": 4,
    "kind": 1,
    "name": "current_output",
    "expr": "current",
    "chart": {
      "x": {
        "max": 3.399,
        "min": 0,
        "extra": {
          "index": "current",
          "analysis": "DC Analysis"
        },
        "label": "current",
        "scale": 0,
        "location": 1
      },
      "y": {
        "max": 0.0026238968479999998,
        "min": 2.3506e-10,
        "extra": {
          "index": null,
          "analysis": null,
          "artifactId": null
        },
        "label": null,
        "scale": 0,
        "location": null
      }
    },
    "label": "current_output",
    "target": [
      {
        "x": 0,
        "y": 2.3506e-10
      },
      {
        "x": 0.033,
        "y": 4.065075e-9
      },
      {
        "x": 0.066,
        "y": 0.000001002729
      },
      {
        "x": 0.099,
        "y": 0.00004657034
      },
      {
        "x": 0.132,
        "y": 0.0001025333
      },
      {
        "x": 0.165,
        "y": 0.0001432847
      },
      {
        "x": 0.198,
        "y": 0.000179302
      },
      {
        "x": 0.231,
        "y": 0.0002134913
      },
      {
        "x": 0.264,
        "y": 0.000247063
      },
      {
        "x": 0.297,
        "y": 0.0002804144
      },
      {
        "x": 0.33,
        "y": 0.0003137036
      },
      {
        "x": 0.363,
        "y": 0.0003469846
      },
      {
        "x": 0.396,
        "y": 0.0003802776
      },
      {
        "x": 0.429,
        "y": 0.0004135786
      },
      {
        "x": 0.462,
        "y": 0.0004468714
      },
      {
        "x": 0.495,
        "y": 0.0004801402
      },
      {
        "x": 0.528,
        "y": 0.0005133776
      },
      {
        "x": 0.561,
        "y": 0.0005465774
      },
      {
        "x": 0.594,
        "y": 0.0005797308
      },
      {
        "x": 0.627,
        "y": 0.0006128308
      },
      {
        "x": 0.66,
        "y": 0.0006458731
      },
      {
        "x": 0.693,
        "y": 0.0006788581
      },
      {
        "x": 0.726,
        "y": 0.0007117834
      },
      {
        "x": 0.759,
        "y": 0.0007446538
      },
      {
        "x": 0.792,
        "y": 0.0007774703
      },
      {
        "x": 0.825,
        "y": 0.0008102344
      },
      {
        "x": 0.858,
        "y": 0.0008429472
      },
      {
        "x": 0.891,
        "y": 0.0008756081
      },
      {
        "x": 0.924,
        "y": 0.000908216
      },
      {
        "x": 0.957,
        "y": 0.0009407726
      },
      {
        "x": 0.99,
        "y": 0.0009732836
      },
      {
        "x": 1.023,
        "y": 0.001005762
      },
      {
        "x": 1.056,
        "y": 0.001038224
      },
      {
        "x": 1.089,
        "y": 0.001070678
      },
      {
        "x": 1.122,
        "y": 0.001103127
      },
      {
        "x": 1.155,
        "y": 0.001135572
      },
      {
        "x": 1.188,
        "y": 0.001168014
      },
      {
        "x": 1.221,
        "y": 0.001200453
      },
      {
        "x": 1.254,
        "y": 0.001232887
      },
      {
        "x": 1.287,
        "y": 0.001265318
      },
      {
        "x": 1.32,
        "y": 0.001297744
      },
      {
        "x": 1.353,
        "y": 0.001330166
      },
      {
        "x": 1.386,
        "y": 0.001362582
      },
      {
        "x": 1.419,
        "y": 0.001394993
      },
      {
        "x": 1.452,
        "y": 0.001427397
      },
      {
        "x": 1.485,
        "y": 0.001459794
      },
      {
        "x": 1.518,
        "y": 0.001492184
      },
      {
        "x": 1.551,
        "y": 0.001524564
      },
      {
        "x": 1.584,
        "y": 0.001556935
      },
      {
        "x": 1.617,
        "y": 0.001589294
      },
      {
        "x": 1.65,
        "y": 0.00162164
      },
      {
        "x": 1.683,
        "y": 0.001653971
      },
      {
        "x": 1.716,
        "y": 0.001686284
      },
      {
        "x": 1.749,
        "y": 0.001718575
      },
      {
        "x": 1.782,
        "y": 0.001750841
      },
      {
        "x": 1.815,
        "y": 0.001783074
      },
      {
        "x": 1.848,
        "y": 0.001815266
      },
      {
        "x": 1.881,
        "y": 0.001847403
      },
      {
        "x": 1.914,
        "y": 0.001879462
      },
      {
        "x": 1.947,
        "y": 0.001911407
      },
      {
        "x": 1.98,
        "y": 0.001943165
      },
      {
        "x": 2.013,
        "y": 0.0019758900963636364
      },
      {
        "x": 2.046,
        "y": 0.0020086151927272726
      },
      {
        "x": 2.079,
        "y": 0.002041340289090909
      },
      {
        "x": 2.112,
        "y": 0.0020740653854545454
      },
      {
        "x": 2.145,
        "y": 0.0021067904818181816
      },
      {
        "x": 2.178,
        "y": 0.002139515578181818
      },
      {
        "x": 2.211,
        "y": 0.0021722406745454544
      },
      {
        "x": 2.244,
        "y": 0.0022049657709090906
      },
      {
        "x": 2.277,
        "y": 0.0022363607709090906
      },
      {
        "x": 2.31,
        "y": 0.002266957770909091
      },
      {
        "x": 2.343,
        "y": 0.002295559770909091
      },
      {
        "x": 2.376,
        "y": 0.0023196617709090907
      },
      {
        "x": 2.409,
        "y": 0.0023375927709090904
      },
      {
        "x": 2.442,
        "y": 0.0023501247709090903
      },
      {
        "x": 2.475,
        "y": 0.0023587407709090907
      },
      {
        "x": 2.508,
        "y": 0.002364713770909091
      },
      {
        "x": 2.541,
        "y": 0.0023689727709090905
      },
      {
        "x": 2.574,
        "y": 0.0023720857709090904
      },
      {
        "x": 2.607,
        "y": 0.0023744037709090907
      },
      {
        "x": 2.64,
        "y": 0.0023761887709090905
      },
      {
        "x": 2.673,
        "y": 0.002377593770909091
      },
      {
        "x": 2.706,
        "y": 0.0023787177709090907
      },
      {
        "x": 2.739,
        "y": 0.002379636770909091
      },
      {
        "x": 2.772,
        "y": 0.002380399770909091
      },
      {
        "x": 2.805,
        "y": 0.0023810417709090904
      },
      {
        "x": 2.838,
        "y": 0.0023815887709090905
      },
      {
        "x": 2.871,
        "y": 0.0023820597709090906
      },
      {
        "x": 2.904,
        "y": 0.0023824707709090903
      },
      {
        "x": 2.937,
        "y": 0.0023828297709090904
      },
      {
        "x": 2.97,
        "y": 0.0023831477709090904
      },
      {
        "x": 3.003,
        "y": 0.0023834307709090907
      },
      {
        "x": 3.036,
        "y": 0.0023836847709090905
      },
      {
        "x": 3.069,
        "y": 0.0023839127709090902
      },
      {
        "x": 3.102,
        "y": 0.0023841197709090906
      },
      {
        "x": 3.135,
        "y": 0.0023843077709090905
      },
      {
        "x": 3.168,
        "y": 0.002384479770909091
      },
      {
        "x": 3.201,
        "y": 0.0023846367709090908
      },
      {
        "x": 3.234,
        "y": 0.002384781770909091
      },
      {
        "x": 3.267,
        "y": 0.0023849157709090905
      },
      {
        "x": 3.3,
        "y": 0.002385038770909091
      },
      {
        "x": 3.333,
        "y": 0.002385153770909091
      },
      {
        "x": 3.366,
        "y": 0.002385260770909091
      },
      {
        "x": 3.399,
        "y": 0.0023853607709090905
      }
    ]
  }
]