[
  {
    "fn": 4,
    "kind": 1,
    "name": "Noise_v2i",
    "expr": "noise",
    "chart": {
      "x": {
        "max": 10000000,
        "min": 0,
        "extra": {
          "index": "noise",
          "analysis": "data_capture"
        },
        "label": "noise",
        "scale": 1,
        "location": 2
      },
      "y": {
        "max": 0.00001,
        "min": 0,
        "extra": {
          "index": null,
          "analysis": null,
          "artifactId": null
        },
        "label": null,
        "scale": 0,
        "location": null
      }
    },
    "label": "Noise_v2i",
    "target": [
      {
        "x": 10,
        "y": 0.00000893687
      },
      {
        "x": 100,
        "y": 0.00000298163
      },
      {
        "x": 1000,
        "y": 9.96258e-7
      },
      {
        "x": 10000,
        "y": 3.338095e-7
      },
      {
        "x": 100000,
        "y": 1.137908e-7
      },
      {
        "x": 1000000,
        "y": 4.384746e-8
      },
      {
        "x": 10000000,
        "y": 2.332211e-8
      }
    ]
  }
]